{"cameraMode":{"drawMode":0,"name":"Shaded","section":"Shading Mode"},"sceneLighting":true,"audioPlay":false,"sceneViewState":{"m_AlwaysRefresh":true,"showFog":true,"showSkybox":true,"showFlares":true,"showImageEffects":true,"showParticleSystems":true,"showVisualEffectGraphs":true,"m_FxEnabled":true},"in2DMode":false,"pivot":{"x":-22.10927963256836,"y":6.642729759216309,"z":0.03139495849609375},"rotation":{"x":0.26388585567474368,"y":0.024442167952656747,"z":-0.010784821584820748,"w":0.9651469588279724},"size":10.826958656311036,"orthographic":false}